{
    "guard1": {"path": [
        [
            430,
            454
        ],
        [
            426,
            83
        ],
        [
            378,
            87
        ],
        [
            385,
            446
        ]
    ]},
    "guard2": {"path": [
        [
            440,
            584
        ],
        [
            78,
            587
        ],
        [
            78,
            621
        ],
        [
            427,
            627
        ]
    ]},
    "guard3": {"path": [
        [
            893,
            892
        ],
        [
            894,
            780
        ],
        [
            775,
            783
        ],
        [
            785,
            899
        ]
    ]},
    "guard4": {"path": [
        [
            878,
            589
        ],
        [
            588,
            594
        ],
        [
            565,
            884
        ],
        [
            607,
            884
        ],
        [
            623,
            623
        ],
        [
            873,
            621
        ]
    ]}
}